insert into profiles (id, email, phone) values ('320a9921-3c2d-4b12-9552-c1908f547b36', 'cboundley0@google.fr', '+7 124 262 2714');
insert into profiles (id, email, phone) values ('b815b1a9-679c-437f-a033-33dd1d6f62f6', 'kgabbatt1@samsung.com', '+62 608 406 0110');
insert into profiles (id, email, phone) values ('288a5647-1edc-4961-9e85-2fd99c777f43', 'wnani2@mtv.com', '+62 481 533 1542');
insert into profiles (id, email, phone) values ('80e1ed81-9fb3-4096-922d-8a8aa2e64775', 'wgripton3@indiegogo.com', '+62 620 330 3275');
insert into profiles (id, email, phone) values ('31fd8020-9a6c-4f25-bca8-d403a97ccf93', 'akeson4@senate.gov', '+225 321 407 3906');
insert into profiles (id, email, phone) values ('32827637-c8f7-4a06-83f3-373240686a4a', 'vheindrick5@blogs.com', '+84 420 398 1727');
insert into profiles (id, email, phone) values ('5e3ae1ca-322e-4b34-ba60-cfb605f4c9eb', 'jholmyard6@tamu.edu', '+33 536 402 4510');
insert into profiles (id, email, phone) values ('2896e5d2-dfef-410a-8938-331bce334f09', 'hransbury7@bandcamp.com', '+55 171 161 9735');
insert into profiles (id, email, phone) values ('35cc803f-241c-4359-b89f-86334d1a40ca', 'rdun8@icio.us', '+692 588 229 2590');
insert into profiles (id, email, phone) values ('c53a81d5-c4f9-4331-9011-4fbb1a209445', 'wdacke9@slate.com', '+505 896 428 1631');
insert into profiles (id, email, phone) values ('72507fc1-c00c-492a-8fe8-eb550df807ab', 'amisselbrooka@nydailynews.com', '+385 295 149 8049');
insert into profiles (id, email, phone) values ('d1efef7f-4ada-4e72-afa4-6d10803fe48b', 'dqueripelb@howstuffworks.com', '+1 812 826 2570');
insert into profiles (id, email, phone) values ('cf4acf1b-0c8e-4682-9fa0-6454666aecf3', 'lfensomec@cargocollective.com', '+86 633 361 3153');
insert into profiles (id, email, phone) values ('6daa80ca-4501-4087-84dc-474c07c7bedb', 'mjoselovitchd@lulu.com', '+62 658 523 0121');
insert into profiles (id, email, phone) values ('6a8be6a2-1a43-4807-95d3-4d8e96d722ea', 'bblasiuse@shinystat.com', '+56 245 344 7104');
insert into profiles (id, email, phone) values ('1605158b-a8f6-4a31-a7ba-aa26fca620fa', 'fleyninyef@merriam-webster.com', '+20 744 625 3083');
insert into profiles (id, email, phone) values ('6ec904ff-5ed7-4f53-b7eb-8265a9a70939', 'cjarrellg@google.es', '+86 542 204 1138');
insert into profiles (id, email, phone) values ('7b18ebb8-53a5-4d0d-aaa5-e34f2d999b7c', 'klindegardh@vkontakte.ru', '+420 186 283 7586');
insert into profiles (id, email, phone) values ('6eddc641-4015-44ab-85d0-a05d19fec075', 'gwaudbyi@loc.gov', '+62 309 521 4892');
insert into profiles (id, email, phone) values ('0745204c-6681-4cd9-a7b4-82752955906e', 'mmothersolej@gov.uk', '+1 408 150 0613');
insert into profiles (id, email, phone) values ('fa231351-5429-4052-9086-d0a57a62d9c8', 'vsweatlandk@google.es', '+62 704 844 6383');
insert into profiles (id, email, phone) values ('c4654a76-a31d-4d1f-b3a9-66c8ae08954f', 'rschmidtl@shareasale.com', '+351 522 964 2227');
insert into profiles (id, email, phone) values ('73991d93-d1ca-45b1-af70-708d7a5aab92', 'rdomenym@patch.com', '+64 976 934 0631');
insert into profiles (id, email, phone) values ('ac2e4984-1f65-43a3-954f-e3da5a253d02', 'gmehaffeyn@qq.com', '+86 324 611 5131');
insert into profiles (id, email, phone) values ('9db10a4e-365b-46b0-938e-914421bd533b', 'atimewello@ning.com', '+677 107 219 8955');
insert into profiles (id, email, phone) values ('35529650-c8af-4581-99ec-c5f42fa92deb', 'rbluemanp@aboutads.info', '+62 359 896 8766');
insert into profiles (id, email, phone) values ('58ef0b25-d39f-42d7-8c09-445ade8261ab', 'jcatonq@columbia.edu', '+1 915 911 5156');
insert into profiles (id, email, phone) values ('e5b19410-335d-434c-aa43-0d3ddacccaf9', 'evenusr@utexas.edu', '+387 235 947 0133');
insert into profiles (id, email, phone) values ('339bb6ed-4dcd-4a8d-b8a1-bbce99a25b48', 'llambdens@pen.io', '+420 658 621 9401');
insert into profiles (id, email, phone) values ('80a54fe8-8aa9-485f-b522-5ad19d651ac7', 'cfarnhillt@goo.gl', '+7 826 300 6313');
insert into profiles (id, email, phone) values ('62aaa1e8-054e-4e62-9639-29fc0ceaa3cc', 'fslarkeu@qq.com', '+593 276 314 2112');
insert into profiles (id, email, phone) values ('e5b44526-5ae5-4f3b-a3e7-bf78ab37d580', 'mfleotev@bigcartel.com', '+57 881 118 9133');
insert into profiles (id, email, phone) values ('9edfde91-5a30-406b-8389-5220a92f0a0e', 'tpowderw@amazon.com', '+7 774 141 3213');
insert into profiles (id, email, phone) values ('3b680465-27ef-4693-a5d4-32628c941e26', 'iaustwickx@google.pl', '+48 992 467 4309');
insert into profiles (id, email, phone) values ('004472f6-6c80-4474-b41a-9e7c3613c5bd', 'lbartelsellisy@usatoday.com', '+54 599 935 3469');
insert into profiles (id, email, phone) values ('bef3f612-1f1b-4562-9095-e99249d3d3dc', 'kbattisonz@wikipedia.org', '+63 575 350 4150');
insert into profiles (id, email, phone) values ('6e3614a1-4f76-47bb-a407-e34f29ead6df', 'ddoni10@google.cn', '+7 939 803 7734');
insert into profiles (id, email, phone) values ('4d7362eb-917c-4bc5-a026-934ef62a3205', 'wmapplebeck11@netscape.com', '+55 305 485 3189');
insert into profiles (id, email, phone) values ('d0f6f0e3-ae4a-4786-b9b4-8aafcb5cde63', 'afishley12@amazon.co.jp', '+49 742 578 2134');
insert into profiles (id, email, phone) values ('d59e1082-6450-42c2-bd03-72f752cb789f', 'nmcmearty13@sun.com', '+82 735 109 1938');
insert into profiles (id, email, phone) values ('165abd48-092c-45a4-982d-bc75669f91fe', 'mleball14@pbs.org', '+62 104 506 8802');
insert into profiles (id, email, phone) values ('3af73999-3bf5-48db-8bc8-a78fca6f54dd', 'nwims15@nifty.com', '+234 403 530 9218');
insert into profiles (id, email, phone) values ('31faef67-041e-48cc-9376-0ae7ddf6faba', 'adibben16@ftc.gov', '+86 893 387 9718');
insert into profiles (id, email, phone) values ('1915b672-1168-4b73-8b49-e196853e7616', 'sundrill17@gizmodo.com', '+995 609 314 6590');
insert into profiles (id, email, phone) values ('5a04b9da-e120-4d5f-8f0c-15b8eccf4235', 'mbraune18@blogs.com', '+977 622 117 5200');
insert into profiles (id, email, phone) values ('7ba26936-460a-4ab0-abcf-1c169cb0e717', 'kgolland19@usnews.com', '+63 228 327 2889');
insert into profiles (id, email, phone) values ('14ef1641-1847-45e6-a756-02f1c8fb7bf4', 'rireson1a@ebay.com', '+66 749 362 6560');
insert into profiles (id, email, phone) values ('537873b8-0cf4-4834-b45d-d1fec81fb0f2', 'hbruford1b@amazon.co.uk', '+7 625 759 5798');
insert into profiles (id, email, phone) values ('9ca9eb49-b950-48ae-9e48-10c9edec7c94', 'fkarpeev1c@wisc.edu', '+63 595 426 3328');
insert into profiles (id, email, phone) values ('f1c89143-e4ae-4359-bbf2-a43df511f63c', 'jkinforth1d@ustream.tv', '+51 890 354 5002');
insert into profiles (id, email, phone) values ('709a7b05-71e1-4565-b378-ffd737986f2c', 'aprovest1e@usda.gov', '+86 317 611 6272');
insert into profiles (id, email, phone) values ('a739935d-33f4-4f2e-8dca-c0619428ddd9', 'roduane1f@netscape.com', '+1 674 664 6021');
insert into profiles (id, email, phone) values ('6aeb5c4a-9481-4457-b1ea-8306b4009fae', 'cfritschmann1g@mozilla.com', '+976 900 937 6424');
insert into profiles (id, email, phone) values ('9966906b-0463-4540-86bd-7d4e85d85063', 'cmorphew1h@t.co', '+86 114 152 9023');
insert into profiles (id, email, phone) values ('12190016-3469-49a0-afc0-9dac9a49adf7', 'tpurseglove1i@blogs.com', '+49 222 369 2874');
insert into profiles (id, email, phone) values ('0968f7ec-3753-4c6f-b74d-9ee52310e38d', 'jtaig1j@wordpress.com', '+66 324 992 0557');
insert into profiles (id, email, phone) values ('0b1eb508-3de9-4422-8050-f4f75dfbf3f2', 'ehanford1k@fc2.com', '+234 115 735 9643');
insert into profiles (id, email, phone) values ('e341dfca-d453-496c-8131-f991c2c81fe2', 'aburnsides1l@opensource.org', '+46 686 396 4380');
insert into profiles (id, email, phone) values ('e0d5fcce-abfb-41e0-9321-94d0be58fa3f', 'ghuie1m@google.com.au', '+358 714 642 5852');
insert into profiles (id, email, phone) values ('e91397bb-17d7-4488-9b4d-458b317c1c58', 'mtoth1n@mac.com', '+30 708 381 1891');
insert into profiles (id, email, phone) values ('9e4410df-9f14-4463-b05a-7f9d06f96c15', 'ritskovitz1o@last.fm', '+33 129 976 2779');
insert into profiles (id, email, phone) values ('e8403f0c-be9b-4ad9-9a3b-5ff1535ced28', 'bveneur1p@sohu.com', '+62 167 455 2703');
insert into profiles (id, email, phone) values ('99375f4a-34d8-46dc-9a49-628a5125dc38', 'hdellow1q@google.ru', '+216 533 207 5648');
insert into profiles (id, email, phone) values ('786952af-6a66-4bd9-be9c-9641ecf5e9c5', 'coppy1r@springer.com', '+54 334 973 7063');
insert into profiles (id, email, phone) values ('b4e91a47-782c-4626-b924-421738e86913', 'glidstone1s@state.tx.us', '+86 320 113 3976');
insert into profiles (id, email, phone) values ('5f55c59c-a373-4e9d-b342-7c650afe6d72', 'gnosworthy1t@google.pl', '+86 763 303 4512');
insert into profiles (id, email, phone) values ('b1af6cd2-c477-491c-83c9-f8022d7c2785', 'aenga1u@biglobe.ne.jp', '+63 230 835 3436');
insert into profiles (id, email, phone) values ('00b8ff24-fc7b-4c86-acf3-073c0460c6cc', 'rgarrould1v@indiatimes.com', '+57 295 233 6808');
insert into profiles (id, email, phone) values ('ef6c1132-7b0d-4adb-a6ff-cdb23335e0a2', 'rjohannes1w@sourceforge.net', '+62 673 302 6546');
insert into profiles (id, email, phone) values ('2e07ef96-84b1-4c75-8607-dbe4fb8acfbd', 'pmetterick1x@liveinternet.ru', '+1 918 601 3121');
insert into profiles (id, email, phone) values ('d4aef98d-eca3-4dec-854e-c2417ccf2c12', 'ggrishukov1y@unesco.org', '+86 127 618 9331');
insert into profiles (id, email, phone) values ('54de69c9-e27f-444c-a384-c0f338e6173d', 'adykas1z@yale.edu', '+92 822 550 3871');
insert into profiles (id, email, phone) values ('e59a014c-3037-4fe2-b668-1d2b2379b119', 'dcecil20@springer.com', '+358 266 643 6957');
insert into profiles (id, email, phone) values ('efe9334d-8a53-44e9-8c18-21c1d501724e', 'dnewcomb21@theguardian.com', '+420 929 598 8904');
insert into profiles (id, email, phone) values ('bd3b3b7f-5fbc-40fb-ad79-dfe1627e23b5', 'dscates22@state.gov', '+7 496 848 7062');
insert into profiles (id, email, phone) values ('20b369c7-7e74-4173-91d2-7819f2b27b54', 'rthurling23@noaa.gov', '+252 180 225 4424');
insert into profiles (id, email, phone) values ('49af7f50-d2f5-4b05-b5b0-057d1afd9da9', 'wturgoose24@bravesites.com', '+371 994 251 4416');
insert into profiles (id, email, phone) values ('fb7a96b0-806b-414b-b4d2-d8c5974fa92d', 'brumming25@yelp.com', '+54 992 529 3427');
insert into profiles (id, email, phone) values ('36de919b-8299-429d-a796-ac06cd981a6c', 'cmerrisson26@tinyurl.com', '+376 417 321 6728');
insert into profiles (id, email, phone) values ('4899cdda-e1a7-4fa6-b743-54363d2c67bc', 'mhothersall27@yahoo.com', '+54 510 957 2893');
insert into profiles (id, email, phone) values ('9d211cfc-c287-4334-8cb8-82054728bb40', 'bkroin28@xinhuanet.com', '+86 869 863 6230');
insert into profiles (id, email, phone) values ('4adf4d63-b724-4320-9d88-a2f34fb7d7d5', 'lrewcastle29@about.me', '+86 261 450 2631');
insert into profiles (id, email, phone) values ('b8cdbeb9-177a-4b63-bf44-b6e98d78aaa8', 'nlandeaux2a@ezinearticles.com', '+62 358 528 6759');
insert into profiles (id, email, phone) values ('2986ed4f-ba10-481b-8b1f-7823d2a5bf1a', 'tfoat2b@walmart.com', '+62 350 158 0808');
insert into profiles (id, email, phone) values ('3305d3af-6430-4b41-8162-20e81d631bd9', 'mbalser2c@sphinn.com', '+33 948 837 7239');
insert into profiles (id, email, phone) values ('607fc7f6-8266-4d66-8581-2c5ce80b0a11', 'astockdale2d@mit.edu', '+86 341 837 1865');
insert into profiles (id, email, phone) values ('efc300cf-c5a0-4b08-a637-8cbd682f0625', 'kscothron2e@howstuffworks.com', '+381 635 258 4779');
insert into profiles (id, email, phone) values ('214669c8-c005-4e05-a155-baca63def4d0', 'pbennett2f@networksolutions.com', '+62 495 109 8808');
insert into profiles (id, email, phone) values ('e5fcf9ac-3821-46e0-8c24-17045a9250dd', 'bzamora2g@intel.com', '+86 427 724 7860');
insert into profiles (id, email, phone) values ('00e7cbe8-e519-41be-8ac7-118d692fc833', 'dheymes2h@posterous.com', '+33 374 721 3894');
insert into profiles (id, email, phone) values ('44724c6d-21c5-4c85-a59f-e6289306d323', 'eabramovici2i@pinterest.com', '+1 727 733 4254');
insert into profiles (id, email, phone) values ('0cbf2dbf-698e-4ccf-8782-2f8aaaed95d4', 'tkedie2j@elegantthemes.com', '+86 894 754 8579');
insert into profiles (id, email, phone) values ('64f26b57-041e-4af6-b131-e79b0efbaed9', 'fsigge2k@gravatar.com', '+595 669 519 2535');
insert into profiles (id, email, phone) values ('06710571-b65a-4d32-ab74-4ffe07b93a0e', 'hcridlon2l@themeforest.net', '+86 499 731 8627');
insert into profiles (id, email, phone) values ('88ef4687-88a9-47a2-bc2b-cef29d10283a', 'nduguid2m@a8.net', '+47 521 603 8844');
insert into profiles (id, email, phone) values ('a5a89847-10e6-4c21-8a63-883e6c44c966', 'rbridle2n@moonfruit.com', '+63 887 210 3420');
insert into profiles (id, email, phone) values ('86f589cf-93b2-4fef-be00-06f76016ed0f', 'tflecknoe2o@pinterest.com', '+257 530 639 8741');
insert into profiles (id, email, phone) values ('b5ab7c82-2343-4e42-adad-bddf988d335e', 'lfowles2p@usa.gov', '+380 537 954 3952');
insert into profiles (id, email, phone) values ('c19dfc2c-5026-4dbc-a687-bee22bea3f27', 'amcewan2q@phpbb.com', '+62 547 734 6573');
insert into profiles (id, email, phone) values ('ca955e9e-ad7f-43f3-98a3-71c38485bbcf', 'abulbrook2r@ovh.net', '+62 140 326 7302');
insert into profiles (id, email, phone) values ('d3eba1b8-c015-46d0-ae47-6a1951b14241', 'gcharlotte2s@edublogs.org', '+55 531 939 0837');
insert into profiles (id, email, phone) values ('4ac45b9d-f073-4c36-9cf5-242c994eb00a', 'vtoombs2t@acquirethisname.com', '+86 590 595 0296');
insert into profiles (id, email, phone) values ('b5b64d91-2a23-444e-9498-0a374a3f9354', 'rreuther2u@amazon.de', '+380 252 303 7047');
insert into profiles (id, email, phone) values ('b399bbe1-8b1b-4dd2-88d9-66e7dd23b702', 'scaulier2v@hatena.ne.jp', '+92 550 697 2045');
insert into profiles (id, email, phone) values ('35a1acd2-8dc8-4e3f-a0bc-42e10e7ac2b3', 'kcawsby2w@acquirethisname.com', '+1 212 728 7382');
insert into profiles (id, email, phone) values ('8a14687a-6f67-457c-a7cd-e2e7c7454e76', 'wcluderay2x@columbia.edu', '+967 394 830 5196');
insert into profiles (id, email, phone) values ('20e65359-79ad-46c1-85f8-987d9d6ead7e', 'ssmullen2y@i2i.jp', '+48 454 744 7706');
insert into profiles (id, email, phone) values ('1e4773fd-2aa1-4483-b409-f5aba52655ab', 'kveillard2z@blogspot.com', '+1 312 750 3593');
insert into profiles (id, email, phone) values ('b8951108-02a0-4665-8827-28e0a47cb659', 'cleinthall30@bloglovin.com', '+7 583 857 2625');
insert into profiles (id, email, phone) values ('a1f2b5d3-593b-447e-a21d-ae91297afb87', 'cbangiard31@yellowbook.com', '+62 444 169 0156');
insert into profiles (id, email, phone) values ('c3e218af-0596-46c8-b38c-74b4a1aaef46', 'horford32@oaic.gov.au', '+63 890 669 4938');
insert into profiles (id, email, phone) values ('704b0bb1-ade4-45b3-a034-23c3c4f64939', 'amcfall33@t-online.de', '+62 943 579 9158');
insert into profiles (id, email, phone) values ('716c33e2-c61b-4216-9d4b-376138e92335', 'acafferky34@mayoclinic.com', '+51 793 913 282');
insert into profiles (id, email, phone) values ('23e1e4a2-82a5-470f-a64f-70b18418908a', 'nmounch35@psu.edu', '+352 451 966 0410');
insert into profiles (id, email, phone) values ('763f4b22-a07b-42cc-8f2c-44d78ac1dfcb', 'cyosevitz36@hatena.ne.jp', '+86 335 793 9374');
insert into profiles (id, email, phone) values ('fdd0274c-0dc4-4c23-9c7e-3a8c3383e1e2', 'bmaddocks37@indiegogo.com', '+51 862 935 5635');
insert into profiles (id, email, phone) values ('67570779-920c-4ac6-ae63-651b31fe3361', 'cpele38@addtoany.com', '+62 659 691 6920');
insert into profiles (id, email, phone) values ('0dc5fe65-e920-4faf-b3ad-beab0fa19f51', 'amanis39@sourceforge.net', '+81 726 173 4381');
insert into profiles (id, email, phone) values ('478a597a-14cb-47a9-91e9-434bf738c2f3', 'ljoll3a@spiegel.de', '+420 907 227 8570');
insert into profiles (id, email, phone) values ('e7454843-2cc4-469c-9139-eb296c439ffc', 'kiston3b@godaddy.com', '+389 148 301 2902');

insert into clients (id, reference_address, profile_id) values (1, 'bmacilriach0@patch.com', '320a9921-3c2d-4b12-9552-c1908f547b36');
insert into clients (id, reference_address, profile_id) values (2, 'rcarnegy1@ibm.com', 'b815b1a9-679c-437f-a033-33dd1d6f62f6');
insert into clients (id, reference_address, profile_id) values (3, 'caylett2@typepad.com', '288a5647-1edc-4961-9e85-2fd99c777f43');
insert into clients (id, reference_address, profile_id) values (4, 'rabrahmovici3@cloudflare.com', '80e1ed81-9fb3-4096-922d-8a8aa2e64775');
insert into clients (id, reference_address, profile_id) values (5, 'rcocozza4@telegraph.co.uk', '31fd8020-9a6c-4f25-bca8-d403a97ccf93');
insert into clients (id, reference_address, profile_id) values (6, 'lgillison5@soundcloud.com', '32827637-c8f7-4a06-83f3-373240686a4a');
insert into clients (id, reference_address, profile_id) values (7, 'gdewen6@goo.gl', '5e3ae1ca-322e-4b34-ba60-cfb605f4c9eb');
insert into clients (id, reference_address, profile_id) values (8, 'vnabarro7@berkeley.edu', '2896e5d2-dfef-410a-8938-331bce334f09');
insert into clients (id, reference_address, profile_id) values (9, 'pbowell8@ameblo.jp', '35cc803f-241c-4359-b89f-86334d1a40ca');
insert into clients (id, reference_address, profile_id) values (10, 'gbarnish9@ning.com', 'c53a81d5-c4f9-4331-9011-4fbb1a209445');
insert into clients (id, reference_address, profile_id) values (11, 'udebernardisa@blogs.com', '72507fc1-c00c-492a-8fe8-eb550df807ab');
insert into clients (id, reference_address, profile_id) values (12, 'spalethorpeb@apple.com', 'd1efef7f-4ada-4e72-afa4-6d10803fe48b');
insert into clients (id, reference_address, profile_id) values (13, 'klissamanc@dagondesign.com', 'cf4acf1b-0c8e-4682-9fa0-6454666aecf3');
insert into clients (id, reference_address, profile_id) values (14, 'ahastyd@statcounter.com', '6daa80ca-4501-4087-84dc-474c07c7bedb');
insert into clients (id, reference_address, profile_id) values (15, 'nmallorde@google.cn', '6a8be6a2-1a43-4807-95d3-4d8e96d722ea');
insert into clients (id, reference_address, profile_id) values (16, 'bbocf@reuters.com', '1605158b-a8f6-4a31-a7ba-aa26fca620fa');
insert into clients (id, reference_address, profile_id) values (17, 'yflyeg@nhs.uk', '6ec904ff-5ed7-4f53-b7eb-8265a9a70939');
insert into clients (id, reference_address, profile_id) values (18, 'ccreserh@oaic.gov.au', '7b18ebb8-53a5-4d0d-aaa5-e34f2d999b7c');
insert into clients (id, reference_address, profile_id) values (19, 'dyoulei@ca.gov', '6eddc641-4015-44ab-85d0-a05d19fec075');
insert into clients (id, reference_address, profile_id) values (20, 'kcarnduffj@google.com.au', '0745204c-6681-4cd9-a7b4-82752955906e');
insert into clients (id, reference_address, profile_id) values (21, 'tsutek@comsenz.com', 'fa231351-5429-4052-9086-d0a57a62d9c8');
insert into clients (id, reference_address, profile_id) values (22, 'tshillabearl@arizona.edu', 'c4654a76-a31d-4d1f-b3a9-66c8ae08954f');
insert into clients (id, reference_address, profile_id) values (23, 'tpenhalewickm@dailymotion.com', '73991d93-d1ca-45b1-af70-708d7a5aab92');
insert into clients (id, reference_address, profile_id) values (24, 'seastlaken@comsenz.com', 'ac2e4984-1f65-43a3-954f-e3da5a253d02');
insert into clients (id, reference_address, profile_id) values (25, 'slindheo@hubpages.com', '9db10a4e-365b-46b0-938e-914421bd533b');
insert into clients (id, reference_address, profile_id) values (26, 'lwitulp@ibm.com', '35529650-c8af-4581-99ec-c5f42fa92deb');
insert into clients (id, reference_address, profile_id) values (27, 'elynchq@imageshack.us', '58ef0b25-d39f-42d7-8c09-445ade8261ab');
insert into clients (id, reference_address, profile_id) values (28, 'mterneyr@dropbox.com', 'e5b19410-335d-434c-aa43-0d3ddacccaf9');
insert into clients (id, reference_address, profile_id) values (29, 'cconerons@pagesperso-orange.fr', '339bb6ed-4dcd-4a8d-b8a1-bbce99a25b48');
insert into clients (id, reference_address, profile_id) values (30, 'spaviat@slate.com', '80a54fe8-8aa9-485f-b522-5ad19d651ac7');
insert into clients (id, reference_address, profile_id) values (31, 'gjaegaru@webmd.com', '62aaa1e8-054e-4e62-9639-29fc0ceaa3cc');
insert into clients (id, reference_address, profile_id) values (32, 'bjopkev@cnbc.com', 'e5b44526-5ae5-4f3b-a3e7-bf78ab37d580');
insert into clients (id, reference_address, profile_id) values (33, 'bnormansellw@nps.gov', '9edfde91-5a30-406b-8389-5220a92f0a0e');
insert into clients (id, reference_address, profile_id) values (34, 'epeacockx@tumblr.com', '3b680465-27ef-4693-a5d4-32628c941e26');
insert into clients (id, reference_address, profile_id) values (35, 'aerrichielloy@dagondesign.com', '004472f6-6c80-4474-b41a-9e7c3613c5bd');
insert into clients (id, reference_address, profile_id) values (36, 'mpaigez@globo.com', 'bef3f612-1f1b-4562-9095-e99249d3d3dc');
insert into clients (id, reference_address, profile_id) values (37, 'mferreras10@usnews.com', '6e3614a1-4f76-47bb-a407-e34f29ead6df');
insert into clients (id, reference_address, profile_id) values (38, 'ewillows11@aboutads.info', '4d7362eb-917c-4bc5-a026-934ef62a3205');
insert into clients (id, reference_address, profile_id) values (39, 'nsappell12@theatlantic.com', 'd0f6f0e3-ae4a-4786-b9b4-8aafcb5cde63');
insert into clients (id, reference_address, profile_id) values (40, 'aadney13@ucsd.edu', 'd59e1082-6450-42c2-bd03-72f752cb789f');
insert into clients (id, reference_address, profile_id) values (41, 'landri14@sciencedaily.com', '165abd48-092c-45a4-982d-bc75669f91fe');
insert into clients (id, reference_address, profile_id) values (42, 'cbetteney15@addthis.com', '3af73999-3bf5-48db-8bc8-a78fca6f54dd');
insert into clients (id, reference_address, profile_id) values (43, 'ebearsmore16@technorati.com', '31faef67-041e-48cc-9376-0ae7ddf6faba');
insert into clients (id, reference_address, profile_id) values (44, 'mpirozzi17@parallels.com', '1915b672-1168-4b73-8b49-e196853e7616');
insert into clients (id, reference_address, profile_id) values (45, 'tcresser18@gov.uk', '5a04b9da-e120-4d5f-8f0c-15b8eccf4235');
insert into clients (id, reference_address, profile_id) values (46, 'lforty19@alibaba.com', '7ba26936-460a-4ab0-abcf-1c169cb0e717');
insert into clients (id, reference_address, profile_id) values (47, 'amidden1a@house.gov', '14ef1641-1847-45e6-a756-02f1c8fb7bf4');
insert into clients (id, reference_address, profile_id) values (48, 'rsmurfit1b@google.ca', '537873b8-0cf4-4834-b45d-d1fec81fb0f2');
insert into clients (id, reference_address, profile_id) values (49, 'bdarree1c@constantcontact.com', '9ca9eb49-b950-48ae-9e48-10c9edec7c94');
insert into clients (id, reference_address, profile_id) values (50, 'cdunton1d@flickr.com', 'f1c89143-e4ae-4359-bbf2-a43df511f63c');
insert into clients (id, reference_address, profile_id) values (51, 'rbaldwin1e@japanpost.jp', '709a7b05-71e1-4565-b378-ffd737986f2c');
insert into clients (id, reference_address, profile_id) values (52, 'hiacovone1f@g.co', 'a739935d-33f4-4f2e-8dca-c0619428ddd9');
insert into clients (id, reference_address, profile_id) values (53, 'jripping1g@google.cn', '6aeb5c4a-9481-4457-b1ea-8306b4009fae');
insert into clients (id, reference_address, profile_id) values (54, 'gsauvain1h@washington.edu', '9966906b-0463-4540-86bd-7d4e85d85063');
insert into clients (id, reference_address, profile_id) values (55, 'kfeighney1i@mail.ru', '12190016-3469-49a0-afc0-9dac9a49adf7');
insert into clients (id, reference_address, profile_id) values (56, 'jkubin1j@a8.net', '0968f7ec-3753-4c6f-b74d-9ee52310e38d');
insert into clients (id, reference_address, profile_id) values (57, 'abenda1k@slideshare.net', '0b1eb508-3de9-4422-8050-f4f75dfbf3f2');
insert into clients (id, reference_address, profile_id) values (58, 'kpurrier1l@telegraph.co.uk', 'e341dfca-d453-496c-8131-f991c2c81fe2');
insert into clients (id, reference_address, profile_id) values (59, 'fgirault1m@cnbc.com', 'e0d5fcce-abfb-41e0-9321-94d0be58fa3f');
insert into clients (id, reference_address, profile_id) values (60, 'jhanretty1n@shutterfly.com', 'e91397bb-17d7-4488-9b4d-458b317c1c58');
insert into clients (id, reference_address, profile_id) values (61, 'ngazzard1o@odnoklassniki.ru', '9e4410df-9f14-4463-b05a-7f9d06f96c15');
insert into clients (id, reference_address, profile_id) values (62, 'csills1p@imdb.com', 'e8403f0c-be9b-4ad9-9a3b-5ff1535ced28');
insert into clients (id, reference_address, profile_id) values (63, 'kvela1q@etsy.com', '99375f4a-34d8-46dc-9a49-628a5125dc38');
insert into clients (id, reference_address, profile_id) values (64, 'pfranke1r@squidoo.com', '786952af-6a66-4bd9-be9c-9641ecf5e9c5');
insert into clients (id, reference_address, profile_id) values (65, 'ahuyche1s@shutterfly.com', 'b4e91a47-782c-4626-b924-421738e86913');
insert into clients (id, reference_address, profile_id) values (66, 'ikidgell1t@canalblog.com', '5f55c59c-a373-4e9d-b342-7c650afe6d72');
insert into clients (id, reference_address, profile_id) values (67, 'jgrebert1u@abc.net.au', 'b1af6cd2-c477-491c-83c9-f8022d7c2785');
insert into clients (id, reference_address, profile_id) values (68, 'kembury1v@ning.com', '00b8ff24-fc7b-4c86-acf3-073c0460c6cc');
insert into clients (id, reference_address, profile_id) values (69, 'mforrest1w@wiley.com', 'ef6c1132-7b0d-4adb-a6ff-cdb23335e0a2');
insert into clients (id, reference_address, profile_id) values (70, 'tody1x@smh.com.au', '2e07ef96-84b1-4c75-8607-dbe4fb8acfbd');
insert into clients (id, reference_address, profile_id) values (71, 'dstebbing1y@homestead.com', 'd4aef98d-eca3-4dec-854e-c2417ccf2c12');
insert into clients (id, reference_address, profile_id) values (72, 'rcheale1z@shop-pro.jp', '54de69c9-e27f-444c-a384-c0f338e6173d');
insert into clients (id, reference_address, profile_id) values (73, 'areckless20@cnn.com', 'e59a014c-3037-4fe2-b668-1d2b2379b119');
insert into clients (id, reference_address, profile_id) values (74, 'mwiggin21@geocities.jp', 'efe9334d-8a53-44e9-8c18-21c1d501724e');
insert into clients (id, reference_address, profile_id) values (75, 'krickcord22@eventbrite.com', 'bd3b3b7f-5fbc-40fb-ad79-dfe1627e23b5');
insert into clients (id, reference_address, profile_id) values (76, 'oblanden23@over-blog.com', '20b369c7-7e74-4173-91d2-7819f2b27b54');
insert into clients (id, reference_address, profile_id) values (77, 'jsoftley24@nifty.com', '49af7f50-d2f5-4b05-b5b0-057d1afd9da9');
insert into clients (id, reference_address, profile_id) values (78, 'hcode25@etsy.com', 'fb7a96b0-806b-414b-b4d2-d8c5974fa92d');
insert into clients (id, reference_address, profile_id) values (79, 'tmitchinson26@google.co.uk', '36de919b-8299-429d-a796-ac06cd981a6c');
insert into clients (id, reference_address, profile_id) values (80, 'jrothchild27@purevolume.com', '4899cdda-e1a7-4fa6-b743-54363d2c67bc');
insert into clients (id, reference_address, profile_id) values (81, 'ggarritley28@state.tx.us', '9d211cfc-c287-4334-8cb8-82054728bb40');
insert into clients (id, reference_address, profile_id) values (82, 'amottram29@typepad.com', '4adf4d63-b724-4320-9d88-a2f34fb7d7d5');
insert into clients (id, reference_address, profile_id) values (83, 'slapre2a@apple.com', 'b8cdbeb9-177a-4b63-bf44-b6e98d78aaa8');
insert into clients (id, reference_address, profile_id) values (84, 'tkliemchen2b@jiathis.com', '2986ed4f-ba10-481b-8b1f-7823d2a5bf1a');
insert into clients (id, reference_address, profile_id) values (85, 'cbalaizot2c@biblegateway.com', '3305d3af-6430-4b41-8162-20e81d631bd9');
insert into clients (id, reference_address, profile_id) values (86, 'lllorens2d@acquirethisname.com', '607fc7f6-8266-4d66-8581-2c5ce80b0a11');
insert into clients (id, reference_address, profile_id) values (87, 'mcline2e@google.co.uk', 'efc300cf-c5a0-4b08-a637-8cbd682f0625');
insert into clients (id, reference_address, profile_id) values (88, 'sferia2f@networksolutions.com', '214669c8-c005-4e05-a155-baca63def4d0');
insert into clients (id, reference_address, profile_id) values (89, 'tfollitt2g@google.com.hk', 'e5fcf9ac-3821-46e0-8c24-17045a9250dd');
insert into clients (id, reference_address, profile_id) values (90, 'jpetworth2h@goodreads.com', '00e7cbe8-e519-41be-8ac7-118d692fc833');
insert into clients (id, reference_address, profile_id) values (91, 'greiglar2i@marriott.com', '44724c6d-21c5-4c85-a59f-e6289306d323');
insert into clients (id, reference_address, profile_id) values (92, 'stowsey2j@telegraph.co.uk', '0cbf2dbf-698e-4ccf-8782-2f8aaaed95d4');
insert into clients (id, reference_address, profile_id) values (93, 'lbedow2k@vistaprint.com', '64f26b57-041e-4af6-b131-e79b0efbaed9');
insert into clients (id, reference_address, profile_id) values (94, 'mmcgougan2l@canalblog.com', '06710571-b65a-4d32-ab74-4ffe07b93a0e');
insert into clients (id, reference_address, profile_id) values (95, 'tvannoni2m@google.cn', '88ef4687-88a9-47a2-bc2b-cef29d10283a');
insert into clients (id, reference_address, profile_id) values (96, 'wmccahey2n@devhub.com', 'a5a89847-10e6-4c21-8a63-883e6c44c966');
insert into clients (id, reference_address, profile_id) values (97, 'ctilsley2o@bravesites.com', '86f589cf-93b2-4fef-be00-06f76016ed0f');
insert into clients (id, reference_address, profile_id) values (98, 'gclamp2p@chronoengine.com', 'b5ab7c82-2343-4e42-adad-bddf988d335e');
insert into clients (id, reference_address, profile_id) values (99, 'nswatheridge2q@howstuffworks.com', 'c19dfc2c-5026-4dbc-a687-bee22bea3f27');
insert into clients (id, reference_address, profile_id) values (100, 'aotowey2r@sourceforge.net', 'ca955e9e-ad7f-43f3-98a3-71c38485bbcf');
insert into clients (id, reference_address, profile_id) values (101, 'vmatuskiewicz2s@archive.org', 'd3eba1b8-c015-46d0-ae47-6a1951b14241');
insert into clients (id, reference_address, profile_id) values (102, 'vmaulkin2t@squarespace.com', '4ac45b9d-f073-4c36-9cf5-242c994eb00a');
insert into clients (id, reference_address, profile_id) values (103, 'bdrennan2u@ameblo.jp', 'b5b64d91-2a23-444e-9498-0a374a3f9354');
insert into clients (id, reference_address, profile_id) values (104, 'rtassaker2v@1und1.de', 'b399bbe1-8b1b-4dd2-88d9-66e7dd23b702');
insert into clients (id, reference_address, profile_id) values (105, 'vpoel2w@noaa.gov', '35a1acd2-8dc8-4e3f-a0bc-42e10e7ac2b3');
insert into clients (id, reference_address, profile_id) values (106, 'lblinde2x@yale.edu', '8a14687a-6f67-457c-a7cd-e2e7c7454e76');
insert into clients (id, reference_address, profile_id) values (107, 'bburleton2y@accuweather.com', '20e65359-79ad-46c1-85f8-987d9d6ead7e');
insert into clients (id, reference_address, profile_id) values (108, 'ebradder2z@hud.gov', '1e4773fd-2aa1-4483-b409-f5aba52655ab');
insert into clients (id, reference_address, profile_id) values (109, 'lgodby30@smugmug.com', 'b8951108-02a0-4665-8827-28e0a47cb659');
insert into clients (id, reference_address, profile_id) values (110, 'ovayro31@nih.gov', 'a1f2b5d3-593b-447e-a21d-ae91297afb87');
insert into clients (id, reference_address, profile_id) values (111, 'cbevar32@loc.gov', 'c3e218af-0596-46c8-b38c-74b4a1aaef46');
insert into clients (id, reference_address, profile_id) values (112, 'sderry33@tiny.cc', '704b0bb1-ade4-45b3-a034-23c3c4f64939');
insert into clients (id, reference_address, profile_id) values (113, 'tmacci34@e-recht24.de', '716c33e2-c61b-4216-9d4b-376138e92335');
insert into clients (id, reference_address, profile_id) values (114, 'eprobey35@wisc.edu', '23e1e4a2-82a5-470f-a64f-70b18418908a');
insert into clients (id, reference_address, profile_id) values (115, 'rribey36@youtube.com', '763f4b22-a07b-42cc-8f2c-44d78ac1dfcb');
insert into clients (id, reference_address, profile_id) values (116, 'hmoller37@noaa.gov', 'fdd0274c-0dc4-4c23-9c7e-3a8c3383e1e2');
insert into clients (id, reference_address, profile_id) values (117, 'preck38@posterous.com', '67570779-920c-4ac6-ae63-651b31fe3361');
insert into clients (id, reference_address, profile_id) values (118, 'rsnoxall39@instagram.com', '0dc5fe65-e920-4faf-b3ad-beab0fa19f51');
insert into clients (id, reference_address, profile_id) values (119, 'bvarker3a@state.tx.us', '478a597a-14cb-47a9-91e9-434bf738c2f3');
insert into clients (id, reference_address, profile_id) values (120, 'sguerry3b@shutterfly.com', 'e7454843-2cc4-469c-9139-eb296c439ffc');

insert into markets (id, name, contact_email, contact_phone, profile_id) values (1, 'DuBuque-Kovacek', 'yrashleigh0@odnoklassniki.ru', '+7 178 367 6311', '320a9921-3c2d-4b12-9552-c1908f547b36');
insert into markets (id, name, contact_email, contact_phone, profile_id) values (2, 'Breitenberg, Armstrong and Jacobs', 'fodevey1@mozilla.com', '+420 242 229 8223', 'b815b1a9-679c-437f-a033-33dd1d6f62f6');
insert into markets (id, name, contact_email, contact_phone, profile_id) values (3, 'Kovacek-Thiel', 'sbartaletti2@hubpages.com', '+855 521 966 8775', '288a5647-1edc-4961-9e85-2fd99c777f43');
insert into markets (id, name, contact_email, contact_phone, profile_id) values (4, 'Schultz Inc', 'mullrich3@vinaora.com', '+994 465 312 0715', '80e1ed81-9fb3-4096-922d-8a8aa2e64775');
insert into markets (id, name, contact_email, contact_phone, profile_id) values (5, 'Lueilwitz LLC', 'tkearton4@epa.gov', '+63 734 616 9663', '31fd8020-9a6c-4f25-bca8-d403a97ccf93');
insert into markets (id, name, contact_email, contact_phone, profile_id) values (6, 'Walter, Fisher and Pfannerstill', 'dcholdcroft5@nymag.com', '+63 613 764 5331', '32827637-c8f7-4a06-83f3-373240686a4a');
insert into markets (id, name, contact_email, contact_phone, profile_id) values (7, 'Macejkovic LLC', 'pnozzolinii6@is.gd', '+86 290 367 7042', '5e3ae1ca-322e-4b34-ba60-cfb605f4c9eb');
insert into markets (id, name, contact_email, contact_phone, profile_id) values (8, 'Cremin, Hammes and Breitenberg', 'mbarrington7@irs.gov', '+380 418 265 8534', '2896e5d2-dfef-410a-8938-331bce334f09');
insert into markets (id, name, contact_email, contact_phone, profile_id) values (9, 'Hermann Group', 'dsherborne8@usnews.com', '+46 596 340 4803', '35cc803f-241c-4359-b89f-86334d1a40ca');
insert into markets (id, name, contact_email, contact_phone, profile_id) values (10, 'Stamm and Sons', 'lpuzey9@blogger.com', '+86 374 438 6113', 'c53a81d5-c4f9-4331-9011-4fbb1a209445');
insert into markets (id, name, contact_email, contact_phone, profile_id) values (11, 'Boehm, Bergnaum and Lockman', 'mivanisheva@vkontakte.ru', '+7 426 628 6565', '72507fc1-c00c-492a-8fe8-eb550df807ab');
insert into markets (id, name, contact_email, contact_phone, profile_id) values (12, 'Gerlach, Sporer and Ferry', 'gcanasb@sohu.com', '+92 327 754 1848', 'd1efef7f-4ada-4e72-afa4-6d10803fe48b');
insert into markets (id, name, contact_email, contact_phone, profile_id) values (13, 'Bergstrom, Lynch and Okuneva', 'thanveyc@jigsy.com', '+86 825 415 5293', 'cf4acf1b-0c8e-4682-9fa0-6454666aecf3');
insert into markets (id, name, contact_email, contact_phone, profile_id) values (14, 'Schimmel, Wuckert and Kassulke', 'mboshersd@typepad.com', '+597 619 270 3767', '6daa80ca-4501-4087-84dc-474c07c7bedb');
insert into markets (id, name, contact_email, contact_phone, profile_id) values (15, 'Terry and Sons', 'smorenoe@is.gd', '+220 237 787 4519', '6a8be6a2-1a43-4807-95d3-4d8e96d722ea');
insert into markets (id, name, contact_email, contact_phone, profile_id) values (16, 'Wunsch Inc', 'emurthwaitef@berkeley.edu', '+86 117 873 5340', '1605158b-a8f6-4a31-a7ba-aa26fca620fa');
insert into markets (id, name, contact_email, contact_phone, profile_id) values (17, 'Walsh, Bayer and Prosacco', 'cgoodieg@intel.com', '+81 669 244 3793', '6ec904ff-5ed7-4f53-b7eb-8265a9a70939');
insert into markets (id, name, contact_email, contact_phone, profile_id) values (18, 'Fadel-Hoppe', 'sdayneh@usgs.gov', '+86 188 721 9097', '7b18ebb8-53a5-4d0d-aaa5-e34f2d999b7c');
insert into markets (id, name, contact_email, contact_phone, profile_id) values (19, 'Konopelski, Mraz and Ward', 'rcoulei@ycombinator.com', '+62 683 817 4263', '6eddc641-4015-44ab-85d0-a05d19fec075');
insert into markets (id, name, contact_email, contact_phone, profile_id) values (20, 'Wehner and Sons', 'aioselevj@issuu.com', '+63 362 432 5838', '0745204c-6681-4cd9-a7b4-82752955906e');
insert into markets (id, name, contact_email, contact_phone, profile_id) values (21, 'MacGyver-Pollich', 'syellopk@hugedomains.com', '+33 721 474 6234', 'fa231351-5429-4052-9086-d0a57a62d9c8');
insert into markets (id, name, contact_email, contact_phone, profile_id) values (22, 'Kirlin LLC', 'jmacguffogl@dropbox.com', '+62 337 521 2675', 'c4654a76-a31d-4d1f-b3a9-66c8ae08954f');
insert into markets (id, name, contact_email, contact_phone, profile_id) values (23, 'Halvorson-Emmerich', 'adrucem@simplemachines.org', '+33 821 549 1913', '73991d93-d1ca-45b1-af70-708d7a5aab92');
insert into markets (id, name, contact_email, contact_phone, profile_id) values (24, 'Connelly, Yundt and Adams', 'sbaren@g.co', '+61 668 150 8629', 'ac2e4984-1f65-43a3-954f-e3da5a253d02');
insert into markets (id, name, contact_email, contact_phone, profile_id) values (25, 'Considine, Yundt and Volkman', 'bdomerqo@odnoklassniki.ru', '+7 408 695 0740', '9db10a4e-365b-46b0-938e-914421bd533b');
insert into markets (id, name, contact_email, contact_phone, profile_id) values (26, 'Langosh-Davis', 'kmcveaghp@scribd.com', '+57 329 871 2567', '35529650-c8af-4581-99ec-c5f42fa92deb');
insert into markets (id, name, contact_email, contact_phone, profile_id) values (27, 'Metz Inc', 'xchessunq@prweb.com', '+62 828 386 3952', '58ef0b25-d39f-42d7-8c09-445ade8261ab');
insert into markets (id, name, contact_email, contact_phone, profile_id) values (28, 'Runolfsson Inc', 'lvalekr@scribd.com', '+86 204 195 6668', 'e5b19410-335d-434c-aa43-0d3ddacccaf9');
insert into markets (id, name, contact_email, contact_phone, profile_id) values (29, 'Lebsack-Weissnat', 'smcgarveys@illinois.edu', '+380 605 788 6830', '339bb6ed-4dcd-4a8d-b8a1-bbce99a25b48');
insert into markets (id, name, contact_email, contact_phone, profile_id) values (30, 'Douglas, Emard and Ullrich', 'tdeferrarist@amazonaws.com', '+48 203 399 6507', '80a54fe8-8aa9-485f-b522-5ad19d651ac7');
insert into markets (id, name, contact_email, contact_phone, profile_id) values (31, 'Romaguera, Nienow and Streich', 'agavenu@yelp.com', '+86 935 543 3753', '62aaa1e8-054e-4e62-9639-29fc0ceaa3cc');
insert into markets (id, name, contact_email, contact_phone, profile_id) values (32, 'Feest, Ratke and Ankunding', 'mberwickv@spiegel.de', '+86 514 765 0878', 'e5b44526-5ae5-4f3b-a3e7-bf78ab37d580');
insert into markets (id, name, contact_email, contact_phone, profile_id) values (33, 'Reinger Group', 'khardwellw@auda.org.au', '+504 523 535 9528', '9edfde91-5a30-406b-8389-5220a92f0a0e');
insert into markets (id, name, contact_email, contact_phone, profile_id) values (34, 'Quitzon-Labadie', 'greisinx@newsvine.com', '+86 344 560 4516', '3b680465-27ef-4693-a5d4-32628c941e26');
insert into markets (id, name, contact_email, contact_phone, profile_id) values (35, 'Hoppe, Kemmer and Schaefer', 'krousbyy@163.com', '+62 782 710 1732', '004472f6-6c80-4474-b41a-9e7c3613c5bd');
insert into markets (id, name, contact_email, contact_phone, profile_id) values (36, 'Padberg-Towne', 'rhenlonz@hhs.gov', '+7 448 370 6696', 'bef3f612-1f1b-4562-9095-e99249d3d3dc');
insert into markets (id, name, contact_email, contact_phone, profile_id) values (37, 'Bashirian-Carroll', 'jwaycott10@sitemeter.com', '+230 166 179 7111', '6e3614a1-4f76-47bb-a407-e34f29ead6df');
insert into markets (id, name, contact_email, contact_phone, profile_id) values (38, 'Mertz-Bednar', 'kstit11@ucsd.edu', '+66 454 935 2274', '4d7362eb-917c-4bc5-a026-934ef62a3205');
insert into markets (id, name, contact_email, contact_phone, profile_id) values (39, 'O''Connell, Paucek and Boyer', 'owedderburn12@vinaora.com', '+595 177 477 2807', 'd0f6f0e3-ae4a-4786-b9b4-8aafcb5cde63');
insert into markets (id, name, contact_email, contact_phone, profile_id) values (40, 'Harvey Inc', 'baluard13@addtoany.com', '+86 520 994 3732', 'd59e1082-6450-42c2-bd03-72f752cb789f');
insert into markets (id, name, contact_email, contact_phone, profile_id) values (41, 'Becker and Sons', 'kmourton14@bloglines.com', '+254 331 901 8874', '165abd48-092c-45a4-982d-bc75669f91fe');
insert into markets (id, name, contact_email, contact_phone, profile_id) values (42, 'Legros, Johnson and Pouros', 'klissenden15@qq.com', '+86 305 533 2580', '3af73999-3bf5-48db-8bc8-a78fca6f54dd');
insert into markets (id, name, contact_email, contact_phone, profile_id) values (43, 'Waelchi-Kuhn', 'ereina16@oaic.gov.au', '+381 781 717 8464', '31faef67-041e-48cc-9376-0ae7ddf6faba');
insert into markets (id, name, contact_email, contact_phone, profile_id) values (44, 'Keebler-Hamill', 'cjacobson17@multiply.com', '+54 622 280 2739', '1915b672-1168-4b73-8b49-e196853e7616');
insert into markets (id, name, contact_email, contact_phone, profile_id) values (45, 'Goodwin and Sons', 'vkiffe18@craigslist.org', '+86 574 957 1421', '5a04b9da-e120-4d5f-8f0c-15b8eccf4235');
insert into markets (id, name, contact_email, contact_phone, profile_id) values (46, 'Hand, Bechtelar and Keeling', 'amehaffey19@columbia.edu', '+47 418 312 7218', '7ba26936-460a-4ab0-abcf-1c169cb0e717');
insert into markets (id, name, contact_email, contact_phone, profile_id) values (47, 'Langosh, Strosin and Hammes', 'ssibylla1a@rediff.com', '+1 707 589 5930', '14ef1641-1847-45e6-a756-02f1c8fb7bf4');
insert into markets (id, name, contact_email, contact_phone, profile_id) values (48, 'Bins Group', 'nabrahami1b@china.com.cn', '+256 547 304 8429', '537873b8-0cf4-4834-b45d-d1fec81fb0f2');
insert into markets (id, name, contact_email, contact_phone, profile_id) values (49, 'Vandervort Group', 'jvasyunin1c@bigcartel.com', '+86 584 370 7026', '9ca9eb49-b950-48ae-9e48-10c9edec7c94');
insert into markets (id, name, contact_email, contact_phone, profile_id) values (50, 'Collins, Schuster and Leuschke', 'mhailey1d@amazon.com', '+86 261 162 2558', 'f1c89143-e4ae-4359-bbf2-a43df511f63c');
insert into markets (id, name, contact_email, contact_phone, profile_id) values (51, 'Stanton LLC', 'bhelis1e@ebay.com', '+7 496 166 1694', '709a7b05-71e1-4565-b378-ffd737986f2c');
insert into markets (id, name, contact_email, contact_phone, profile_id) values (52, 'Thiel-Hartmann', 'bpulman1f@mac.com', '+51 807 929 7982', 'a739935d-33f4-4f2e-8dca-c0619428ddd9');
insert into markets (id, name, contact_email, contact_phone, profile_id) values (53, 'Vandervort-Hickle', 'apullin1g@imageshack.us', '+269 410 736 0602', '6aeb5c4a-9481-4457-b1ea-8306b4009fae');
insert into markets (id, name, contact_email, contact_phone, profile_id) values (54, 'Schulist Inc', 'brosten1h@t-online.de', '+62 697 180 5557', '9966906b-0463-4540-86bd-7d4e85d85063');
insert into markets (id, name, contact_email, contact_phone, profile_id) values (55, 'Beatty and Sons', 'jrottger1i@taobao.com', '+358 603 832 0684', '12190016-3469-49a0-afc0-9dac9a49adf7');
insert into markets (id, name, contact_email, contact_phone, profile_id) values (56, 'Greenfelder-Bogisich', 'nhearle1j@seattletimes.com', '+86 715 230 3490', '0968f7ec-3753-4c6f-b74d-9ee52310e38d');
insert into markets (id, name, contact_email, contact_phone, profile_id) values (57, 'Cummings-Wintheiser', 'kmahedy1k@illinois.edu', '+7 718 871 3486', '0b1eb508-3de9-4422-8050-f4f75dfbf3f2');
insert into markets (id, name, contact_email, contact_phone, profile_id) values (58, 'Walter-Zboncak', 'araggett1l@google.com.au', '+7 425 466 4903', 'e341dfca-d453-496c-8131-f991c2c81fe2');
insert into markets (id, name, contact_email, contact_phone, profile_id) values (59, 'Lockman Inc', 'ltorrese1m@arizona.edu', '+1 513 254 6395', 'e0d5fcce-abfb-41e0-9321-94d0be58fa3f');
insert into markets (id, name, contact_email, contact_phone, profile_id) values (60, 'Altenwerth-Bahringer', 'imatuszak1n@ezinearticles.com', '+593 340 569 4864', 'e91397bb-17d7-4488-9b4d-458b317c1c58');
insert into markets (id, name, contact_email, contact_phone, profile_id) values (61, 'Reilly-O''Keefe', 'ndibsdale1o@prweb.com', '+62 624 376 3821', '9e4410df-9f14-4463-b05a-7f9d06f96c15');
insert into markets (id, name, contact_email, contact_phone, profile_id) values (62, 'Kling-Emard', 'rscrymgeour1p@blogtalkradio.com', '+1 748 466 1972', 'e8403f0c-be9b-4ad9-9a3b-5ff1535ced28');
insert into markets (id, name, contact_email, contact_phone, profile_id) values (63, 'Lang-Hirthe', 'ndown1q@sakura.ne.jp', '+86 180 519 6751', '99375f4a-34d8-46dc-9a49-628a5125dc38');
insert into markets (id, name, contact_email, contact_phone, profile_id) values (64, 'Koepp, Kulas and Bergnaum', 'avallentine1r@uiuc.edu', '+63 159 133 2230', '786952af-6a66-4bd9-be9c-9641ecf5e9c5');
insert into markets (id, name, contact_email, contact_phone, profile_id) values (65, 'Lehner-Rodriguez', 'wmackriell1s@google.co.jp', '+351 386 734 1723', 'b4e91a47-782c-4626-b924-421738e86913');
insert into markets (id, name, contact_email, contact_phone, profile_id) values (66, 'Jakubowski and Sons', 'lisley1t@tinyurl.com', '+359 389 987 6840', '5f55c59c-a373-4e9d-b342-7c650afe6d72');
insert into markets (id, name, contact_email, contact_phone, profile_id) values (67, 'Schowalter Inc', 'dmeekings1u@cafepress.com', '+86 695 995 0903', 'b1af6cd2-c477-491c-83c9-f8022d7c2785');
insert into markets (id, name, contact_email, contact_phone, profile_id) values (68, 'Shanahan-Bailey', 'lbaal1v@mozilla.org', '+86 282 265 9440', '00b8ff24-fc7b-4c86-acf3-073c0460c6cc');
insert into markets (id, name, contact_email, contact_phone, profile_id) values (69, 'Price, Parker and Daugherty', 'enugent1w@biglobe.ne.jp', '+44 318 206 8778', 'ef6c1132-7b0d-4adb-a6ff-cdb23335e0a2');
insert into markets (id, name, contact_email, contact_phone, profile_id) values (70, 'Vandervort-Ryan', 'rdrakes1x@4shared.com', '+48 481 296 2129', '2e07ef96-84b1-4c75-8607-dbe4fb8acfbd');
insert into markets (id, name, contact_email, contact_phone, profile_id) values (71, 'Armstrong and Sons', 'ogentery1y@businessinsider.com', '+57 572 727 7287', 'd4aef98d-eca3-4dec-854e-c2417ccf2c12');
insert into markets (id, name, contact_email, contact_phone, profile_id) values (72, 'Armstrong, Skiles and Will', 'paddey1z@so-net.ne.jp', '+420 510 317 3062', '54de69c9-e27f-444c-a384-c0f338e6173d');
insert into markets (id, name, contact_email, contact_phone, profile_id) values (73, 'Homenick, Block and Denesik', 'yfifield20@ehow.com', '+62 101 926 3394', 'e59a014c-3037-4fe2-b668-1d2b2379b119');
insert into markets (id, name, contact_email, contact_phone, profile_id) values (74, 'McLaughlin, Rohan and Mosciski', 'clewens21@goo.ne.jp', '+51 379 755 2577', 'efe9334d-8a53-44e9-8c18-21c1d501724e');
insert into markets (id, name, contact_email, contact_phone, profile_id) values (75, 'Lockman LLC', 'afaccini22@example.com', '+212 187 630 6740', 'bd3b3b7f-5fbc-40fb-ad79-dfe1627e23b5');
insert into markets (id, name, contact_email, contact_phone, profile_id) values (76, 'Zboncak-Gibson', 'eklousner23@naver.com', '+992 298 247 1790', '20b369c7-7e74-4173-91d2-7819f2b27b54');
insert into markets (id, name, contact_email, contact_phone, profile_id) values (77, 'Weber-Klocko', 'pfitter24@blogspot.com', '+7 568 950 9890', '49af7f50-d2f5-4b05-b5b0-057d1afd9da9');
insert into markets (id, name, contact_email, contact_phone, profile_id) values (78, 'Gerlach, Ortiz and Hoppe', 'celcy25@sakura.ne.jp', '+351 743 345 0337', 'fb7a96b0-806b-414b-b4d2-d8c5974fa92d');
insert into markets (id, name, contact_email, contact_phone, profile_id) values (79, 'McDermott, Gutkowski and Sawayn', 'mwinfred26@amazonaws.com', '+86 292 986 8029', '36de919b-8299-429d-a796-ac06cd981a6c');
insert into markets (id, name, contact_email, contact_phone, profile_id) values (80, 'Jaskolski and Sons', 'iwillavoys27@163.com', '+56 578 741 9210', '4899cdda-e1a7-4fa6-b743-54363d2c67bc');
insert into markets (id, name, contact_email, contact_phone, profile_id) values (81, 'Legros Group', 'awennam28@is.gd', '+7 142 733 6325', '9d211cfc-c287-4334-8cb8-82054728bb40');
insert into markets (id, name, contact_email, contact_phone, profile_id) values (82, 'Harber and Sons', 'mvlasenkov29@de.vu', '+7 298 683 5970', '4adf4d63-b724-4320-9d88-a2f34fb7d7d5');
insert into markets (id, name, contact_email, contact_phone, profile_id) values (83, 'Grady-Thiel', 'dgirt2a@youtube.com', '+47 968 838 5996', 'b8cdbeb9-177a-4b63-bf44-b6e98d78aaa8');
insert into markets (id, name, contact_email, contact_phone, profile_id) values (84, 'Veum, MacGyver and Reynolds', 'bdurtnal2b@sciencedaily.com', '+62 371 666 7131', '2986ed4f-ba10-481b-8b1f-7823d2a5bf1a');
insert into markets (id, name, contact_email, contact_phone, profile_id) values (85, 'Lubowitz, Hane and Rath', 'aleverson2c@chronoengine.com', '+27 430 298 2102', '3305d3af-6430-4b41-8162-20e81d631bd9');
insert into markets (id, name, contact_email, contact_phone, profile_id) values (86, 'Lind-Schaefer', 'wabthorpe2d@usatoday.com', '+46 418 909 3779', '607fc7f6-8266-4d66-8581-2c5ce80b0a11');
insert into markets (id, name, contact_email, contact_phone, profile_id) values (87, 'Stroman-Senger', 'jdavion2e@bluehost.com', '+7 139 730 1947', 'efc300cf-c5a0-4b08-a637-8cbd682f0625');
insert into markets (id, name, contact_email, contact_phone, profile_id) values (88, 'Veum, Gibson and Luettgen', 'alipyeat2f@nbcnews.com', '+48 928 964 4287', '214669c8-c005-4e05-a155-baca63def4d0');
insert into markets (id, name, contact_email, contact_phone, profile_id) values (89, 'McCullough and Sons', 'bharg2g@adobe.com', '+48 304 689 4764', 'e5fcf9ac-3821-46e0-8c24-17045a9250dd');
insert into markets (id, name, contact_email, contact_phone, profile_id) values (90, 'Wisoky-Kirlin', 'ffishburn2h@aboutads.info', '+86 955 540 6983', '00e7cbe8-e519-41be-8ac7-118d692fc833');
insert into markets (id, name, contact_email, contact_phone, profile_id) values (91, 'Little and Sons', 'smaria2i@narod.ru', '+502 104 335 9484', '44724c6d-21c5-4c85-a59f-e6289306d323');
insert into markets (id, name, contact_email, contact_phone, profile_id) values (92, 'Rolfson-Berge', 'dsines2j@a8.net', '+1 872 389 9737', '0cbf2dbf-698e-4ccf-8782-2f8aaaed95d4');
insert into markets (id, name, contact_email, contact_phone, profile_id) values (93, 'Wehner-Conroy', 'lstrangwood2k@yelp.com', '+998 778 385 4141', '64f26b57-041e-4af6-b131-e79b0efbaed9');
insert into markets (id, name, contact_email, contact_phone, profile_id) values (94, 'Heller, Hilll and Cassin', 'lwescott2l@youku.com', '+93 724 573 1472', '06710571-b65a-4d32-ab74-4ffe07b93a0e');
insert into markets (id, name, contact_email, contact_phone, profile_id) values (95, 'Moen-Rogahn', 'itrickett2m@yahoo.co.jp', '+48 452 322 0884', '88ef4687-88a9-47a2-bc2b-cef29d10283a');
insert into markets (id, name, contact_email, contact_phone, profile_id) values (96, 'Goldner LLC', 'vheninghem2n@google.ru', '+1 434 262 6236', 'a5a89847-10e6-4c21-8a63-883e6c44c966');
insert into markets (id, name, contact_email, contact_phone, profile_id) values (97, 'Stracke-Douglas', 'mogavin2o@census.gov', '+1 754 247 9617', '86f589cf-93b2-4fef-be00-06f76016ed0f');
insert into markets (id, name, contact_email, contact_phone, profile_id) values (98, 'Botsford, Streich and Labadie', 'kbaudain2p@imdb.com', '+86 981 913 6349', 'b5ab7c82-2343-4e42-adad-bddf988d335e');
insert into markets (id, name, contact_email, contact_phone, profile_id) values (99, 'Heaney-Oberbrunner', 'ncounsell2q@lulu.com', '+62 980 339 5799', 'c19dfc2c-5026-4dbc-a687-bee22bea3f27');
insert into markets (id, name, contact_email, contact_phone, profile_id) values (100, 'Okuneva-Smith', 'ldabinett2r@google.de', '+7 158 173 1019', 'ca955e9e-ad7f-43f3-98a3-71c38485bbcf');
insert into markets (id, name, contact_email, contact_phone, profile_id) values (101, 'Ferry, Rau and Fay', 'ssilmon2s@indiegogo.com', '+81 128 124 6103', 'd3eba1b8-c015-46d0-ae47-6a1951b14241');
insert into markets (id, name, contact_email, contact_phone, profile_id) values (102, 'Marks Inc', 'ajeanequin2t@umn.edu', '+380 132 555 2837', '4ac45b9d-f073-4c36-9cf5-242c994eb00a');
insert into markets (id, name, contact_email, contact_phone, profile_id) values (103, 'Bartell, Effertz and Becker', 'ftoderini2u@xing.com', '+355 291 584 8287', 'b5b64d91-2a23-444e-9498-0a374a3f9354');
insert into markets (id, name, contact_email, contact_phone, profile_id) values (104, 'Abernathy and Sons', 'lpetrulis2v@people.com.cn', '+86 701 263 9490', 'b399bbe1-8b1b-4dd2-88d9-66e7dd23b702');
insert into markets (id, name, contact_email, contact_phone, profile_id) values (105, 'Pagac-Crooks', 'kharsnep2w@engadget.com', '+994 319 975 7258', '35a1acd2-8dc8-4e3f-a0bc-42e10e7ac2b3');
insert into markets (id, name, contact_email, contact_phone, profile_id) values (106, 'Fay Group', 'acorgenvin2x@engadget.com', '+86 337 768 1089', '8a14687a-6f67-457c-a7cd-e2e7c7454e76');
insert into markets (id, name, contact_email, contact_phone, profile_id) values (107, 'Monahan and Sons', 'paddionizio2y@psu.edu', '+86 336 554 6481', '20e65359-79ad-46c1-85f8-987d9d6ead7e');
insert into markets (id, name, contact_email, contact_phone, profile_id) values (108, 'Cronin, Jerde and Pfeffer', 'sgorhardt2z@yahoo.com', '+63 135 298 1175', '1e4773fd-2aa1-4483-b409-f5aba52655ab');
insert into markets (id, name, contact_email, contact_phone, profile_id) values (109, 'Collins, Heathcote and Doyle', 'cganniclifft30@huffingtonpost.com', '+48 169 747 1444', 'b8951108-02a0-4665-8827-28e0a47cb659');
insert into markets (id, name, contact_email, contact_phone, profile_id) values (110, 'Rosenbaum-Mosciski', 'lhellwing31@spiegel.de', '+48 692 137 8005', 'a1f2b5d3-593b-447e-a21d-ae91297afb87');
insert into markets (id, name, contact_email, contact_phone, profile_id) values (111, 'Dietrich-Waelchi', 'wtortis32@xinhuanet.com', '+62 212 543 2093', 'c3e218af-0596-46c8-b38c-74b4a1aaef46');
insert into markets (id, name, contact_email, contact_phone, profile_id) values (112, 'Sipes and Sons', 'xblaxton33@java.com', '+57 703 477 1528', '704b0bb1-ade4-45b3-a034-23c3c4f64939');
insert into markets (id, name, contact_email, contact_phone, profile_id) values (113, 'Pacocha, Jakubowski and Prohaska', 'iweddup34@example.com', '+55 566 187 5912', '716c33e2-c61b-4216-9d4b-376138e92335');
insert into markets (id, name, contact_email, contact_phone, profile_id) values (114, 'Nikolaus-Oberbrunner', 'dewenson35@storify.com', '+33 500 845 5102', '23e1e4a2-82a5-470f-a64f-70b18418908a');
insert into markets (id, name, contact_email, contact_phone, profile_id) values (115, 'Mayert-Runolfsson', 'gshulem36@nih.gov', '+86 390 759 6088', '763f4b22-a07b-42cc-8f2c-44d78ac1dfcb');
insert into markets (id, name, contact_email, contact_phone, profile_id) values (116, 'Marvin Group', 'schittleburgh37@sfgate.com', '+60 980 585 6740', 'fdd0274c-0dc4-4c23-9c7e-3a8c3383e1e2');
insert into markets (id, name, contact_email, contact_phone, profile_id) values (117, 'Wiegand-Rowe', 'atoy38@theguardian.com', '+63 728 726 8555', '67570779-920c-4ac6-ae63-651b31fe3361');
insert into markets (id, name, contact_email, contact_phone, profile_id) values (118, 'Huel Inc', 'gansill39@jigsy.com', '+267 590 668 4314', '0dc5fe65-e920-4faf-b3ad-beab0fa19f51');
insert into markets (id, name, contact_email, contact_phone, profile_id) values (119, 'Bayer and Sons', 'cstranaghan3a@nature.com', '+54 807 554 9107', '478a597a-14cb-47a9-91e9-434bf738c2f3');
insert into markets (id, name, contact_email, contact_phone, profile_id) values (120, 'Harber Inc', 'tjowle3b@example.com', '+86 496 924 5708', 'e7454843-2cc4-469c-9139-eb296c439ffc');

